Rk_C_per_W,tau_s
5.44E-05,5.12E-08
0.007590013,1.20E-05
0.023380982,0.000108264
0.106075494,0.001823818
0.293899591,0.007166594
1.36E-08,19.73652725
